{
  "welch_t_test": {
    "t": -8.185772107050038,
    "df": 15.439168089901269,
    "p_two_sided": 1.058581863766764e-06,
    "mean_x": 12.11111111111111,
    "sd_x": 0.7817359599705715,
    "n_x": 9,
    "mean_y": 14.8,
    "sd_y": 0.6324555320336759,
    "n_y": 10
  },
  "skill_scores": [
    11,
    11,
    13,
    12,
    13,
    12,
    12,
    12,
    13
  ],
  "baseline_scores": [
    15,
    15,
    15,
    16,
    14,
    15,
    15,
    14,
    15,
    14
  ],
  "invocation_failure_rate": {
    "attempts": 10,
    "failures": 1,
    "point_estimate": 0.1,
    "wilson_95_ci": [
      0.017876213095072896,
      0.4041500267952385
    ]
  }
}